Timestamp,Loop_Count,Convection_Delta,Voltage_Action
2026-09-20 19:43:59,1,0.00253,EQUILIBRIUM SECURE
2026-09-20 19:44:09,2,0.00180,EQUILIBRIUM SECURE
2026-09-20 19:44:19,3,0.00135,EQUILIBRIUM SECURE
2026-09-20 19:44:29,4,0.00274,EQUILIBRIUM SECURE
2026-09-20 19:44:39,5,0.00388,EQUILIBRIUM SECURE
2026-09-20 19:44:49,6,0.00264,EQUILIBRIUM SECURE
2026-09-20 19:44:59,7,0.00291,EQUILIBRIUM SECURE
2026-09-20 19:45:09,8,0.00438,EQUILIBRIUM SECURE
2026-09-20 19:45:19,9,0.00305,EQUILIBRIUM SECURE
2026-09-20 19:45:29,10,0.00288,EQUILIBRIUM SECURE
2026-09-20 19:45:39,11,0.00380,EQUILIBRIUM SECURE
2026-09-20 19:45:49,12,0.00550,DAMPENING ACTIVE
2026-09-20 19:45:59,13,0.00407,EQUILIBRIUM SECURE
2026-09-20 19:46:09,14,0.00367,EQUILIBRIUM SECURE
2026-09-20 19:46:19,15,0.00399,EQUILIBRIUM SECURE
2026-09-20 19:46:29,16,0.00140,EQUILIBRIUM SECURE
2026-09-20 19:46:39,17,0.00128,EQUILIBRIUM SECURE
2026-09-20 19:46:49,18,0.00344,EQUILIBRIUM SECURE
2026-09-20 19:46:59,19,0.00301,EQUILIBRIUM SECURE
2026-09-20 19:47:09,20,0.00233,EQUILIBRIUM SECURE
2026-09-20 19:47:19,21,0.00230,EQUILIBRIUM SECURE
2026-09-20 19:47:29,22,0.00394,EQUILIBRIUM SECURE
2026-09-20 19:47:39,23,0.00148,EQUILIBRIUM SECURE
2026-09-20 19:47:49,24,0.00702,DAMPENING ACTIVE
2026-09-20 19:47:59,25,0.00102,EQUILIBRIUM SECURE
2026-09-20 19:48:09,26,0.00376,EQUILIBRIUM SECURE
2026-09-20 19:48:19,27,0.00251,EQUILIBRIUM SECURE
2026-09-20 19:48:29,28,0.00366,EQUILIBRIUM SECURE
2026-09-20 19:48:39,29,0.00158,EQUILIBRIUM SECURE
2026-09-20 19:48:49,30,0.00358,EQUILIBRIUM SECURE
2026-09-20 19:48:59,31,0.00237,EQUILIBRIUM SECURE
2026-09-20 19:49:09,32,0.00267,EQUILIBRIUM SECURE
2026-09-20 19:49:19,33,0.00305,EQUILIBRIUM SECURE
2026-09-20 19:49:29,34,0.00382,EQUILIBRIUM SECURE
2026-09-20 19:49:39,35,0.00521,DAMPENING ACTIVE
2026-09-20 19:49:49,36,0.00381,EQUILIBRIUM SECURE
2026-09-20 19:49:59,37,0.00235,EQUILIBRIUM SECURE
2026-09-20 19:50:09,38,0.00289,EQUILIBRIUM SECURE
2026-09-20 19:50:19,39,0.00403,EQUILIBRIUM SECURE
2026-09-20 19:50:29,40,0.00258,EQUILIBRIUM SECURE
2026-09-20 19:50:39,41,0.00263,EQUILIBRIUM SECURE
2026-09-20 19:50:49,42,0.00572,DAMPENING ACTIVE
2026-09-20 19:50:59,43,0.00360,EQUILIBRIUM SECURE
2026-09-20 19:51:09,44,0.00153,EQUILIBRIUM SECURE
2026-09-20 19:51:19,45,0.00305,EQUILIBRIUM SECURE
2026-09-20 19:51:29,46,0.00103,EQUILIBRIUM SECURE
2026-09-20 19:51:39,47,0.00392,EQUILIBRIUM SECURE
2026-09-20 19:51:49,48,0.00162,EQUILIBRIUM SECURE
2026-09-20 19:51:59,49,0.00320,EQUILIBRIUM SECURE
2026-09-20 19:52:09,50,0.00136,EQUILIBRIUM SECURE
